Workbook

Sheet Index

Sheet SBI Balanced Advantage Fund 
A1: DATE | B1: NAV | C1: Nifty 200 | D1: Nifty Return | E1: D RETURN | H1: MONTH | I1: D RETURN | J1: Nifty Return | Q1: MF | R1: NIFTY
A2: 45628 | B2: 15.2717 | C2: 13716.95 | F2: BETA | H2: 1 Month | I2: =(B22-$B$2)/$B$2 -> -0.0069147508 | J2: =(C22-$C$2)/$C$2 -> -0.022599776 | L2: Annualised return | N2: =(B247/B2)^(12/12)-1 -> 0.092190129 | P2: AVERAGE | Q2: =AVERAGE(I2:I13) -> 0.02806662 | R2: =AVERAGE(J2:J13) -> -0.0089493899
A3: 45629 | B3: 15.3372 | C3: 13825.85 | D3: =LN(C3/C2) -> 0.007907734 | E3: =LN(B3/B2) -> 0.0042798075 | F3: =SLOPE(E3:E250,D3:D250) -> 0.47444578 | H3: 2 Month | I3: =(B45-$B$2)/$B$2 -> -0.012474053 | J3: =(C45-$C$2)/$C$2 -> -0.047561594 | L3: Standard deviation | N3: =_xlfn.STDEV.S(I2:I13) -> 0.038988834 | P3: Risk free | Q3: 0.06
A4: 45630 | B4: 15.354 | C4: 13866.2 | D4: =LN(C4/C3) -> 0.0029141958 | E4: =LN(B4/B3) -> 0.0010947765 | H4: 3 Month | I4: =(B64-$B$2)/$B$2 -> -0.039720529 | J4: =(C64-$C$2)/$C$2 -> -0.11670233 | L4: Sharpe ratio | N4: =(Q2-Q3)/N3 -> -0.81903912
A5: 45631 | B5: 15.3824 | C5: 13983.4 | D5: =LN(C5/C4) -> 0.0084166876 | E5: =LN(B5/B4) -> 0.0018479723 | H5: 4 Month | I5: =(B83-$B$2)/$B$2 -> -0.0046163819 | J5: =(C83-$C$2)/$C$2 -> -0.053525018 | L5: Treynor ratio | N5: =(Q2-Q3)/F3 -> -0.0673067
A6: 45632 | B6: 15.3703 | C6: 13996.8 | D6: =LN(C6/C5) -> 0.00095782025 | E6: =LN(B6/B5) -> -0.00078692281 | H6: 5 Month | I6: =(B102-$B$2)/$B$2 -> 0.021176424 | J6: =(C102-$C$2)/$C$2 -> -0.020325218 | L6: Jensen's alpha | N6: =Q2-(Q3+F3*(R2-Q3)) -> 0.00077936705
A7: 45635 | B7: 15.3726 | C7: 13977.2 | D7: =LN(C7/C6) -> -0.0014013014 | E7: =LN(B7/B6) -> 0.00014962804 | H7: 6 Month | I7: =(B123-$B$2)/$B$2 -> 0.037815044 | J7: =(C123-$C$2)/$C$2 -> 0.0059379089
A8: 45636 | B8: 15.3681 | C8: 13985.45 | D8: =LN(C8/C7) -> 0.00059007285 | E8: =LN(B8/B7) -> -0.00029277147 | H8: 7 Month | I8: =(B144-$B$2)/$B$2 -> 0.058624777 | J8: =(C144-$C$2)/$C$2 -> 0.039053871
A9: 45637 | B9: 15.3744 | C9: 14007.6 | D9: =LN(C9/C8) -> 0.001582536 | E9: =LN(B9/B8) -> 0.00040985607 | H9: 8 Month | I9: =(B167-$B$2)/$B$2 -> 0.038810349 | J9: =(C167-$C$2)/$C$2 -> 0.007075188
A10: 45638 | B10: 15.3603 | C10: 13956.45 | D10: =LN(C10/C9) -> -0.0036582725 | E10: =LN(B10/B9) -> -0.00091752976 | H10: 9 Month | I10: =(B186-$B$2)/$B$2 -> 0.029237086 | J10: =(C186-$C$2)/$C$2 -> -0.01034122
A11: 45639 | B11: 15.3741 | C11: 14035.9 | D11: =LN(C11/C10) -> 0.0056765662 | E11: =LN(B11/B10) -> 0.00089801662 | H11: 10 Month | I11: =(B208-$B$2)/$B$2 -> 0.043001107 | J11: =(C208-$C$2)/$C$2 -> 0.0016767576
A12: 45642 | B12: 15.3471 | C12: 14021.75 | D12: =LN(C12/C11) -> -0.0010086377 | E12: =LN(B12/B11) -> -0.0017577443 | H12: 11 Month | I12: =(B228-$B$2)/$B$2 -> 0.07967024 | J12: =(C228-$C$2)/$C$2 -> 0.047047631
A13: 45643 | B13: 15.2827 | C13: 13858 | D13: =LN(C13/C12) -> -0.011747012 | E13: =LN(B13/B12) -> -0.0042050614 | H13: 12 Month | I13: =(B247-$B$2)/$B$2 -> 0.092190129 | J13: =(C247-$C$2)/$C$2 -> 0.062871119
A14: 45644 | B14: 15.2479 | C14: 13759.3 | D14: =LN(C14/C13) -> -0.0071477241 | E14: =LN(B14/B13) -> -0.002279681
A15: 45645 | B15: 15.2241 | C15: 13638.15 | D15: =LN(C15/C14) -> -0.0088439464 | E15: =LN(B15/B14) -> -0.0015620901
A16: 45646 | B16: 15.1102 | C16: 13373.9 | D16: =LN(C16/C15) -> -0.019565966 | E16: =LN(B16/B15) -> -0.0075096861
A17: 45649 | B17: 15.1536 | C17: 13449.75 | D17: =LN(C17/C16) -> 0.0056554721 | E17: =LN(B17/B16) -> 0.002868115
A18: 45650 | B18: 15.1668 | C18: 13436 | D18: =LN(C18/C17) -> -0.0010228468 | E18: =LN(B18/B17) -> 0.00087070097
A19: 45652 | B19: 15.1572 | C19: 13456.35 | D19: =LN(C19/C18) -> 0.0015134418 | E19: =LN(B19/B18) -> -0.00063316187
A20: 45653 | B20: 15.154 | C20: 13459.75 | D20: =LN(C20/C19) -> 0.0002526369 | E20: =LN(B20/B19) -> -0.00021114308
A21: 45656 | B21: 15.136 | C21: 13408.85 | D21: =LN(C21/C20) -> -0.0037888138 | E21: =LN(B21/B20) -> -0.0011885112
A22: 45657 | B22: 15.1661 | C22: 13406.95 | D22: =LN(C22/C21) -> -0.0001417075 | E22: =LN(B22/B21) -> 0.0019866616
A23: 45658 | B23: 15.1863 | C23: 13462.45 | D23: =LN(C23/C22) -> 0.0041310992 | E23: =LN(B23/B22) -> 0.0013310317
A24: 45659 | B24: 15.2632 | C24: 13685.05 | D24: =LN(C24/C23) -> 0.016399668 | E24: =LN(B24/B23) -> 0.0050509968
A25: 45660 | B25: 15.2453 | C25: 13610.5 | D25: =LN(C25/C24) -> -0.0054624424 | E25: =LN(B25/B24) -> -0.0011734436
... A247: 45989 | B247: 16.6796 | C247: 14579.35 | D247: =LN(C247/C246) -> -0.00041145632 | E247: =LN(B247/B246) -> -0.0007910729

Sheet Tata Arbitrage Fund
A1: DATE | B1: NAV | C1: BSE Arbitrage Fund | D1: BSE Return | E1: N RETURN | H1: MONTH | I1: D RETURN | J1: BSE Return | Q1: MF | R1: BSE
A2: 45628 | B2: 14.4645 | C2: 2584.81 | F2: BETA | H2: 1 Month | I2: =(B22-$B$2)/$B$2 -> 0.0061391683 | J2: =(C22-$C$2)/$C$2 -> 0.0016132714 | L2: Annualised return | N2: =(B248/B2)^(12/12)-1 -> 0.071706592 | P2: AVERAGE | Q2: =AVERAGE(I2:I13) -> 0.040336686 | R2: =AVERAGE(J2:J13) -> 0.045125818
A3: 45629 | B3: 14.4821 | C3: 2589.76 | D3: =LN(C3/C2) -> 0.001913203 | E3: =LN(B3/B2) -> 0.0012160324 | F3: =SLOPE(E3:E250,D3:D250) -> 0.10612093 | H3: 2 Month | I3: =(B45-$B$2)/$B$2 -> 0.013197829 | J3: =(C45-$C$2)/$C$2 -> 0.012205926 | L3: Standard deviation | N3: =_xlfn.STDEV.S(I2:I13) -> 0.02140268 | P3: Risk free | Q3: 0.06
A4: 45630 | B4: 14.4863 | C4: 2592.19 | D4: =LN(C4/C3) -> 0.00093787095 | E4: =LN(B4/B3) -> 0.00028997114 | H4: 3 Month | I4: =(B64-$B$2)/$B$2 -> 0.018134052 | J4: =(C64-$C$2)/$C$2 -> 0.019649413 | L4: Sharpe ratio | N4: =(Q2-Q3)/N3 -> -0.91873138
A5: 45631 | B5: 14.4893 | C5: 2595.33 | D5: =LN(C5/C4) -> 0.0012105979 | E5: =LN(B5/B4) -> 0.00020707078 | H5: 4 Month | I5: =(B84-$B$2)/$B$2 -> 0.02600159 | J5: =(C84-$C$2)/$C$2 -> 0.028381196 | L5: Treynor ratio | N5: =(Q2-Q3)/F3 -> -0.18529157
A6: 45632 | B6: 14.4816 | C6: 2592.59 | D6: =LN(C6/C5) -> -0.0010563001 | E6: =LN(B6/B5) -> -0.0005315679 | H6: 5 Month | I6: =(B103-$B$2)/$B$2 -> 0.03351654 | J6: =(C103-$C$2)/$C$2 -> 0.039588983 | L6: Jensen's alpha | N6: =Q2-(Q3+F3*(R2-Q3)) -> -0.018084852
A7: 45635 | B7: 14.4935 | C7: 2593.72 | D7: =LN(C7/C6) -> 0.00043576262 | E7: =LN(B7/B6) -> 0.00082139497 | H7: 6 Month | I7: =(B124-$B$2)/$B$2 -> 0.038432023 | J7: =(C124-$C$2)/$C$2 -> 0.044486829
A8: 45636 | B8: 14.4941 | C8: 2594.02 | D8: =LN(C8/C7) -> 0.0001156573 | E8: =LN(B8/B7) -> 4.1397011e-05 | H8: 7 Month | I8: =(B145-$B$2)/$B$2 -> 0.044502057 | J8: =(C145-$C$2)/$C$2 -> 0.051268759
A9: 45637 | B9: 14.4934 | C9: 2593.12 | D9: =LN(C9/C8) -> -0.00034701204 | E9: =LN(B9/B8) -> -4.829668e-05 | H9: 8 Month | I9: =(B168-$B$2)/$B$2 -> 0.050779495 | J9: =(C168-$C$2)/$C$2 -> 0.056321354
A10: 45638 | B10: 14.4963 | C10: 2591.53 | D10: =LN(C10/C9) -> -0.00061334904 | E10: =LN(B10/B9) -> 0.00020007106 | H10: 9 Month | I10: =(B187-$B$2)/$B$2 -> 0.055860901 | J10: =(C187-$C$2)/$C$2 -> 0.0610335
A11: 45639 | B11: 14.5005 | C11: 2598.99 | D11: =LN(C11/C10) -> 0.0028744731 | E11: =LN(B11/B10) -> 0.00028968714 | H11: 10 Month | I11: =(B209-$B$2)/$B$2 -> 0.060064295 | J11: =(C209-$C$2)/$C$2 -> 0.066291139
A12: 45642 | B12: 14.5052 | C12: 2594.83 | D12: =LN(C12/C11) -> -0.0016019041 | E12: =LN(B12/B11) -> 0.00032407424 | H12: 11 Month | I12: =(B229-$B$2)/$B$2 -> 0.065705693 | J12: =(C229-$C$2)/$C$2 -> 0.075823755
A13: 45643 | B13: 14.5076 | C13: 2590.17 | D13: =LN(C13/C12) -> -0.0017974933 | E13: =LN(B13/B12) -> 0.00016544422 | H13: 12 Month | I13: =(B248-$B$2)/$B$2 -> 0.071706592 | J13: =(C248-$C$2)/$C$2 -> 0.084845695
A14: 45644 | B14: 14.5188 | C14: 2593.75 | D14: =LN(C14/C13) -> 0.0013811944 | E14: =LN(B14/B13) -> 0.00077171131
A15: 45645 | B15: 14.5159 | C15: 2595.39 | D15: =LN(C15/C14) -> 0.00063208935 | E15: =LN(B15/B14) -> -0.00019976098
A16: 45646 | B16: 14.5312 | C16: 2593.76 | D16: =LN(C16/C15) -> -0.00062823393 | E16: =LN(B16/B15) -> 0.0010534615
A17: 45649 | B17: 14.5375 | C17: 2597.14 | D17: =LN(C17/C16) -> 0.0013022792 | E17: =LN(B17/B16) -> 0.00043345592
A18: 45650 | B18: 14.5344 | C18: 2595.32 | D18: =LN(C18/C17) -> -0.0007010165 | E18: =LN(B18/B17) -> -0.00021326436
A19: 45652 | B19: 14.5418 | C19: 2591.65 | D19: =LN(C19/C18) -> -0.0014150846 | E19: =LN(B19/B18) -> 0.00050900738
A20: 45653 | B20: 14.5435 | C20: 2590.94 | D20: =LN(C20/C19) -> -0.00027399428 | E20: =LN(B20/B19) -> 0.00011689754
A21: 45656 | B21: 14.5367 | C21: 2586.96 | D21: =LN(C21/C20) -> -0.0015373031 | E21: =LN(B21/B20) -> -0.00046767217
A22: 45657 | B22: 14.5533 | C22: 2588.98 | D22: =LN(C22/C21) -> 0.00078053459 | E22: =LN(B22/B21) -> 0.0011412858
A23: 45658 | B23: 14.5616 | C23: 2590.86 | D23: =LN(C23/C22) -> 0.00072589118 | E23: =LN(B23/B22) -> 0.00057015482
A24: 45659 | B24: 14.5621 | C24: 2600.33 | D24: =LN(C24/C23) -> 0.0036484931 | E24: =LN(B24/B23) -> 3.4336297e-05
A25: 45660 | B25: 14.5744 | C25: 2597.48 | D25: =LN(C25/C24) -> -0.0010966158 | E25: =LN(B25/B24) -> 0.00084430187
... A248: 45989 | B248: 15.5017 | C248: 2804.12 | D248: =LN(C248/C247) -> -7.132108e-05 | E248: =LN(B248/B247) -> 0.00016773761

Sheet Canara Robeco Large CAP Fund
A1: DATE | B1: NAV | C1: Nifty 100 | D1: Nifty Return | E1: D RETURN | H1: MONTH | I1: D RETURN | J1: Nifty Return | Q1: MF | R1: NIFTY
A2: 45628 | B2: 70.49 | C2: 25198.15 | F2: BETA | H2: 1 Month | I2: =(B22-$B$2)/$B$2 -> -0.016456235 | J2: =(C22-$C$2)/$C$2 -> -0.027882999 | L2: Annualised return | N2: =(B248/B2)^(12/12)-1 -> 0.075613562 | P2: AVERAGE | Q2: =AVERAGE(I2:I13) -> 0.0062774862 | R2: =AVERAGE(J2:J13) -> -0.0056538542
A3: 45629 | B3: 70.98 | C3: 25393.25 | D3: =LN(C3/C2) -> 0.0077128116 | E3: =LN(B3/B2) -> 0.0069272914 | F3: =SLOPE(E3:E250,D3:D250) -> 0.82001956 | H3: 2 Month | I3: =(B45-$B$2)/$B$2 -> -0.039721946 | J3: =(C45-$C$2)/$C$2 -> -0.045427938 | L3: Standard deviation | N3: =_xlfn.STDEV.S(I2:I13) -> 0.048761497 | P3: Risk free | Q3: 0.06
A4: 45630 | B4: 71.21 | C4: 25428.4 | D4: =LN(C4/C3) -> 0.001383269 | E4: =LN(B4/B3) -> 0.0032351108 | H4: 3 Month | I4: =(B64-$B$2)/$B$2 -> -0.097460633 | J4: =(C64-$C$2)/$C$2 -> -0.089286317 | L4: Sharpe ratio | N4: =(Q2-Q3)/N3 -> -1.1017405
A5: 45631 | B5: 71.88 | C5: 25657.85 | D5: =LN(C5/C4) -> 0.008982908 | E5: =LN(B5/B4) -> 0.0093648039 | H5: 4 Month | I5: =(B84-$B$2)/$B$2 -> -0.037168393 | J5: =(C84-$C$2)/$C$2 -> -0.045273165 | L5: Treynor ratio | N5: =(Q2-Q3)/F3 -> -0.065513698
A6: 45632 | B6: 71.9 | C6: 25663.9 | D6: =LN(C6/C5) -> 0.00023576749 | E6: =LN(B6/B5) -> 0.00027820281 | H6: 5 Month | I6: =(B103-$B$2)/$B$2 -> -0.0034047383 | J6: =(C103-$C$2)/$C$2 -> -0.01406254 | L6: Jensen's alpha | N6: =Q2-(Q3+F3*(R2-Q3)) -> 0.00011493099
A7: 45635 | B7: 71.76 | C7: 25594.2 | D7: =LN(C7/C6) -> -0.0027195719 | E7: =LN(B7/B6) -> -0.001949047 | H7: 6 Month | I7: =(B124-$B$2)/$B$2 -> 0.017449284 | J7: =(C124-$C$2)/$C$2 -> 0.0057980447
A8: 45636 | B8: 71.81 | C8: 25600.2 | D8: =LN(C8/C7) -> 0.00023440064 | E8: =LN(B8/B7) -> 0.00069652437 | H8: 7 Month | I8: =(B145-$B$2)/$B$2 -> 0.051354802 | J8: =(C145-$C$2)/$C$2 -> 0.037357901
A9: 45637 | B9: 71.83 | C9: 25635.05 | D9: =LN(C9/C8) -> 0.0013603917 | E9: =LN(B9/B8) -> 0.00027847396 | H9: 8 Month | I9: =(B168-$B$2)/$B$2 -> 0.029082139 | J9: =(C168-$C$2)/$C$2 -> 0.0072366424
A10: 45638 | B10: 71.59 | C10: 25546.4 | D10: =LN(C10/C9) -> -0.0034641492 | E10: =LN(B10/B9) -> -0.0033468167 | H10: 9 Month | I10: =(B187-$B$2)/$B$2 -> 0.014044545 | J10: =(C187-$C$2)/$C$2 -> -0.0077426319
A11: 45639 | B11: 72.11 | C11: 25724.6 | D11: =LN(C11/C10) -> 0.006951326 | E11: =LN(B11/B10) -> 0.0072373315 | H11: 10 Month | I11: =(B209-$B$2)/$B$2 -> 0.020712158 | J11: =(C209-$C$2)/$C$2 -> 0.003849489
A12: 45642 | B12: 71.96 | C12: 25652.85 | D12: =LN(C12/C11) -> -0.002793056 | E12: =LN(B12/B11) -> -0.0020823218 | H12: 11 Month | I12: =(B229-$B$2)/$B$2 -> 0.061285289 | J12: =(C229-$C$2)/$C$2 -> 0.046485555
A13: 45643 | B13: 71.22 | C13: 25321.65 | D13: =LN(C13/C12) -> -0.012994916 | E13: =LN(B13/B12) -> -0.010336731 | H13: 12 Month | I13: =(B248-$B$2)/$B$2 -> 0.075613562 | J13: =(C248-$C$2)/$C$2 -> 0.061101708
A14: 45644 | B14: 70.85 | C14: 25137.6 | D14: =LN(C14/C13) -> -0.0072950278 | E14: =LN(B14/B13) -> -0.0052087117
A15: 45645 | B15: 70.26 | C15: 24884.95 | D15: =LN(C15/C14) -> -0.01010153 | E15: =LN(B15/B14) -> -0.0083623193
A16: 45646 | B16: 69.14 | C16: 24448.85 | D16: =LN(C16/C15) -> -0.017680023 | E16: =LN(B16/B15) -> -0.016069212
A17: 45649 | B17: 69.52 | C17: 24599.75 | D17: =LN(C17/C16) -> 0.0061531002 | E17: =LN(B17/B16) -> 0.0054810465
A18: 45650 | B18: 69.47 | C18: 24572.5 | D18: =LN(C18/C17) -> -0.0011083488 | E18: =LN(B18/B17) -> -0.00071947625
A19: 45652 | B19: 69.61 | C19: 24611.35 | D19: =LN(C19/C18) -> 0.0015797872 | E19: =LN(B19/B18) -> 0.0020132305
A20: 45653 | B20: 69.7 | C20: 24632 | D20: =LN(C20/C19) -> 0.00083869197 | E20: =LN(B20/B19) -> 0.0012920826
A21: 45656 | B21: 69.38 | C21: 24500.75 | D21: =LN(C21/C20) -> -0.0053426813 | E21: =LN(B21/B20) -> -0.0046016762
A22: 45657 | B22: 69.33 | C22: 24495.55 | D22: =LN(C22/C21) -> -0.00021226093 | E22: =LN(B22/B21) -> -0.00072092859
A23: 45658 | B23: 69.62 | C23: 24595.7 | D23: =LN(C23/C22) -> 0.0040801625 | E23: =LN(B23/B22) -> 0.0041741694
A24: 45659 | B24: 70.78 | C24: 25028.8 | D24: =LN(C24/C23) -> 0.017455531 | E24: =LN(B24/B23) -> 0.016524593
A25: 45660 | B25: 70.28 | C25: 24879.85 | D25: =LN(C25/C24) -> -0.0059689229 | E25: =LN(B25/B24) -> -0.0070892116
... A248: 45989 | B248: 75.82 | C248: 26737.8 | D248: =LN(C248/C247) -> -0.00024494154 | E248: =LN(B248/B247) -> 0.00065967414

Sheet Edelweiss liquid fund
A1: DATE | B1: NAV | C1: 10 Year BOND Yield | D1: Nifty Return | E1: D RETURN | H1: MONTH | I1: D RETURN | J1: Nifty Return | Q1: MF | R1: NIFTY
A2: 45628 | B2: 3272.6126 | C2: 6.71 | F2: BETA | H2: 1 Month | I2: =(B22-$B$2)/$B$2 -> 0.0055652172 | J2: =(C22-$C$2)/$C$2 -> 0.0073025335 | L2: Annualised return | N2: =(B249/B2)^(12/12)-1 -> 0.066520125 | P2: AVERAGE | Q2: =AVERAGE(I2:I13) -> 0.037259367 | R2: =AVERAGE(J2:J13) -> -0.028651267
A3: 45629 | B3: 3273.1532 | C3: 6.714 | D3: =LN(C3/C2) -> 0.00059594757 | E3: =LN(B3/B2) -> 0.00016517548 | F3: =SLOPE(E3:E250,D3:D250) -> -0.0067060663 | H3: 2 Month | I3: =(B45-$B$2)/$B$2 -> 0.011612037 | J3: =(C45-$C$2)/$C$2 -> -0.0023845007 | L3: Standard deviation | N3: =_xlfn.STDEV.S(I2:I13) -> 0.020074324 | P3: Risk free | Q3: 0.06
A4: 45630 | B4: 3273.8073 | C4: 6.686 | D4: =LN(C4/C3) -> -0.0041791106 | E4: =LN(B4/B3) -> 0.00019981792 | H4: 3 Month | I4: =(B63-$B$2)/$B$2 -> 0.017147768 | J4: =(C63-$C$2)/$C$2 -> 0.001490313 | L4: Sharpe ratio | N4: =(Q2-Q3)/N3 -> -1.1328218
A5: 45631 | B5: 3274.4679 | C5: 6.68 | D5: =LN(C5/C4) -> -0.00089780045 | E5: =LN(B5/B4) -> 0.00020176305 | H5: 4 Month | I5: =(B82-$B$2)/$B$2 -> 0.023514913 | J5: =(C82-$C$2)/$C$2 -> -0.019374069 | L5: Treynor ratio | N5: =(Q2-Q3)/F3 -> 3.391054
A6: 45632 | B6: 3275.2027 | C6: 6.74 | D6: =LN(C6/C5) -> 0.0089419374 | E6: =LN(B6/B5) -> 0.0002243777 | H6: 5 Month | I6: =(B99-$B$2)/$B$2 -> 0.029872005 | J6: =(C99-$C$2)/$C$2 -> -0.052459016 | L6: Jensen's alpha | N6: =Q2-(Q3+F3*(R2-Q3)) -> -0.023335134
A7: 45635 | B7: 3277.0415 | C7: 6.717 | D7: =LN(C7/C6) -> -0.0034182986 | E7: =LN(B7/B6) -> 0.00056127336 | H7: 6 Month | I7: =(B120-$B$2)/$B$2 -> 0.035734416 | J7: =(C120-$C$2)/$C$2 -> -0.076005961
A8: 45636 | B8: 3277.6019 | C8: 6.705 | D8: =LN(C8/C7) -> -0.0017881096 | E8: =LN(B8/B7) -> 0.00017099328 | H8: 7 Month | I8: =(B141-$B$2)/$B$2 -> 0.041321634 | J8: =(C141-$C$2)/$C$2 -> -0.059612519
A9: 45637 | B9: 3278.2094 | C9: 6.718 | D9: =LN(C9/C8) -> 0.0019369745 | E9: =LN(B9/B8) -> 0.00018533175 | H9: 8 Month | I9: =(B164-$B$2)/$B$2 -> 0.046410107 | J9: =(C164-$C$2)/$C$2 -> -0.049776453
A10: 45638 | B10: 3278.7533 | C10: 6.736 | D10: =LN(C10/C9) -> 0.0026757857 | E10: =LN(B10/B9) -> 0.00016589998 | H10: 9 Month | I10: =(B184-$B$2)/$B$2 -> 0.051114238 | J10: =(C184-$C$2)/$C$2 -> -0.018181818
A11: 45639 | B11: 3279.1724 | C11: 6.729 | D11: =LN(C11/C10) -> -0.0010397327 | E11: =LN(B11/B10) -> 0.00012781481 | H11: 10 Month | I11: =(B206-$B$2)/$B$2 -> 0.056562607 | J11: =(C206-$C$2)/$C$2 -> -0.02071535
A12: 45642 | B12: 3281.2331 | C12: 6.741 | D12: =LN(C12/C11) -> 0.0017817377 | E12: =LN(B12/B11) -> 0.00062822338 | H12: 11 Month | I12: =(B229-$B$2)/$B$2 -> 0.061737341 | J12: =(C229-$C$2)/$C$2 -> -0.026974665
A13: 45643 | B13: 3281.836 | C13: 6.759 | D13: =LN(C13/C12) -> 0.0026666682 | E13: =LN(B13/B12) -> 0.00018372502 | H13: 12 Month | I13: =(B249-$B$2)/$B$2 -> 0.066520125 | J13: =(C249-$C$2)/$C$2 -> -0.027123696
A14: 45644 | B14: 3282.4101 | C14: 6.751 | D14: =LN(C14/C13) -> -0.0011843081 | E14: =LN(B14/B13) -> 0.00017491727
A15: 45645 | B15: 3282.9333 | C15: 6.787 | D15: =LN(C15/C14) -> 0.0053183757 | E15: =LN(B15/B14) -> 0.00015938237
A16: 45646 | B16: 3283.518 | C16: 6.791 | D16: =LN(C16/C15) -> 0.00058918841 | E16: =LN(B16/B15) -> 0.00017808706
A17: 45649 | B17: 3285.1745 | C17: 6.776 | D17: =LN(C17/C16) -> -0.0022112488 | E17: =LN(B17/B16) -> 0.00050436218
A18: 45650 | B18: 3285.4555 | C18: 6.776 | D18: =LN(C18/C17) -> 0 | E18: =LN(B18/B17) -> 8.5532133e-05
A19: 45652 | B19: 3286.6218 | C19: 6.784 | D19: =LN(C19/C18) -> 0.0011799411 | E19: =LN(B19/B18) -> 0.00035492584
A20: 45653 | B20: 3287.2804 | C20: 6.787 | D20: =LN(C20/C19) -> 0.00044211923 | E20: =LN(B20/B19) -> 0.00020036806
A21: 45656 | B21: 3289.2855 | C21: 6.775 | D21: =LN(C21/C20) -> -0.001769651 | E21: =LN(B21/B20) -> 0.00060977115
A22: 45657 | B22: 3290.8254 | C22: 6.759 | D22: =LN(C22/C21) -> -0.0023644166 | E22: =LN(B22/B21) -> 0.00046804683
A23: 45658 | B23: 3291.6696 | C23: 6.779 | D23: =LN(C23/C22) -> 0.0029546483 | E23: =LN(B23/B22) -> 0.00025649849
A24: 45659 | B24: 3292.5296 | C24: 6.787 | D24: =LN(C24/C23) -> 0.0011794193 | E24: =LN(B24/B23) -> 0.00026123147
A25: 45660 | B25: 3293.0824 | C25: 6.779 | D25: =LN(C25/C24) -> -0.0011794193 | E25: =LN(B25/B24) -> 0.00016788113
... A249: 45989 | B249: 3490.3072 | C249: 6.528 | D249: =LN(C249/C248) -> 0.0023004381 | E249: =LN(B249/B248) -> 0.00015292087

Sheet HDFC NIFTY Next 50 Index Fund
A1: DATE | B1: NAV | C1: Nifty Next 50 | D1: Nifty Return | E1: D RETURN | H1: MONTH | I1: D RETURN | J1: Nifty Return | Q1: MF | R1: NIFTY
A2: 45628 | B2: 16.7127 | C2: 71164.35 | F2: BETA | H2: 1 Month | I2: =(B22-$B$2)/$B$2 -> -0.046126598 | J2: =(C22-$C$2)/$C$2 -> -0.044629087 | L2: Annualised return | N2: =(B248/B2)^(12/12)-1 -> -0.025100672 | P2: AVERAGE | Q2: =AVERAGE(I2:I13) -> -0.072839816 | R2: =AVERAGE(J2:J13) -> -0.07158137
A3: 45629 | B3: 16.8829 | C3: 71890.75 | D3: =LN(C3/C2) -> 0.010155615 | E3: =LN(B3/B2) -> 0.010132366 | F3: =SLOPE(E3:E250,D3:D250) -> 0.83109156 | H3: 2 Month | I3: =(B45-$B$2)/$B$2 -> -0.11436812 | J3: =(C45-$C$2)/$C$2 -> -0.11293576 | L3: Standard deviation | N3: =_xlfn.STDEV.S(I2:I13) -> 0.051424236 | P3: Risk free | Q3: 0.06
A4: 45630 | B4: 16.9659 | C4: 72244.85 | D4: =LN(C4/C3) -> 0.0049134386 | E4: =LN(B4/B3) -> 0.0049041719 | H4: 3 Month | I4: =(B64-$B$2)/$B$2 -> -0.19865133 | J4: =(C64-$C$2)/$C$2 -> -0.1742045 | L4: Sharpe ratio | N4: =(Q2-Q3)/N3 -> -2.5832142
A5: 45631 | B5: 17.0226 | C5: 72487.05 | D5: =LN(C5/C4) -> 0.003346881 | E5: =LN(B5/B4) -> 0.0033364257 | H5: 4 Month | I5: =(B84-$B$2)/$B$2 -> -0.11467926 | J5: =(C84-$C$2)/$C$2 -> -0.11411823 | L5: Treynor ratio | N5: =(Q2-Q3)/F3 -> -0.15983776
A6: 45632 | B6: 17.1524 | C6: 73040.4 | D6: =LN(C6/C5) -> 0.0076047875 | E6: =LN(B6/B5) -> 0.0075962326 | H6: 5 Month | I6: =(B103-$B$2)/$B$2 -> -0.094311512 | J6: =(C103-$C$2)/$C$2 -> -0.093522951 | L6: Jensen's alpha | N6: =Q2-(Q3+F3*(R2-Q3)) -> -0.02348365
A7: 45635 | B7: 17.074 | C7: 72708.1 | D7: =LN(C7/C6) -> -0.0045599176 | E7: =LN(B7/B6) -> -0.0045812669 | H7: 6 Month | I7: =(B124-$B$2)/$B$2 -> -0.062497382 | J7: =(C124-$C$2)/$C$2 -> -0.061871569
A8: 45636 | B8: 17.1649 | C8: 73096.45 | D8: =LN(C8/C7) -> 0.0053270069 | E8: =LN(B8/B7) -> 0.0053097625 | H8: 7 Month | I8: =(B145-$B$2)/$B$2 -> -0.030342195 | J8: =(C145-$C$2)/$C$2 -> -0.030438696
A9: 45637 | B9: 17.2107 | C9: 73292.15 | D9: =LN(C9/C8) -> 0.0026737071 | E9: =LN(B9/B8) -> 0.0026646823 | H9: 8 Month | I9: =(B168-$B$2)/$B$2 -> -0.055837776 | J9: =(C168-$C$2)/$C$2 -> -0.057166264
A10: 45638 | B10: 17.1613 | C10: 73082.6 | D10: =LN(C10/C9) -> -0.0028632007 | E10: =LN(B10/B9) -> -0.0028744347 | H10: 9 Month | I10: =(B187-$B$2)/$B$2 -> -0.072890676 | J10: =(C187-$C$2)/$C$2 -> -0.076142057
A11: 45639 | B11: 17.1338 | C11: 72965.95 | D11: =LN(C11/C10) -> -0.0015974144 | E11: =LN(B11/B10) -> -0.001603728 | H11: 10 Month | I11: =(B209-$B$2)/$B$2 -> -0.043715258 | J11: =(C209-$C$2)/$C$2 -> -0.046641331
A12: 45642 | B12: 17.1778 | C12: 73155.6 | D12: =LN(C12/C11) -> 0.0025957856 | E12: =LN(B12/B11) -> 0.0025647317 | H12: 11 Month | I12: =(B229-$B$2)/$B$2 -> -0.015557031 | J12: =(C229-$C$2)/$C$2 -> -0.018824032
A13: 45643 | B13: 16.9506 | C13: 72188 | D13: =LN(C13/C12) -> -0.013314852 | E13: =LN(B13/B12) -> -0.013314621 | H13: 12 Month | I13: =(B248-$B$2)/$B$2 -> -0.025100672 | J13: =(C248-$C$2)/$C$2 -> -0.028481958
A14: 45644 | B14: 16.7303 | C14: 71250 | D14: =LN(C14/C13) -> -0.013079008 | E14: =LN(B14/B13) -> -0.013081785
A15: 45645 | B15: 16.5835 | C15: 70625.7 | D15: =LN(C15/C14) -> -0.0088007182 | E15: =LN(B15/B14) -> -0.0088132216
A16: 45646 | B16: 16.132 | C16: 68702.65 | D16: =LN(C16/C15) -> -0.027606329 | E16: =LN(B16/B15) -> -0.027603348
A17: 45649 | B17: 16.1754 | C17: 68888.95 | D17: =LN(C17/C16) -> 0.0027080158 | E17: =LN(B17/B16) -> 0.0026866926
A18: 45650 | B18: 16.1805 | C18: 68857.25 | D18: =LN(C18/C17) -> -0.00046026679 | E18: =LN(B18/B17) -> 0.0003152439
A19: 45652 | B19: 16.2527 | C19: 69165.85 | D19: =LN(C19/C18) -> 0.0044717227 | E19: =LN(B19/B18) -> 0.0044522353
A20: 45653 | B20: 16.1096 | C20: 68557.15 | D20: =LN(C20/C19) -> -0.0088395397 | E20: =LN(B20/B19) -> -0.0088436812
A21: 45656 | B21: 15.9574 | C21: 68063.8 | D21: =LN(C21/C20) -> -0.0072222034 | E21: =LN(B21/B20) -> -0.0094926961
A22: 45657 | B22: 15.9418 | C22: 67988.35 | D22: =LN(C22/C21) -> -0.0011091336 | E22: =LN(B22/B21) -> -0.00097808103
A23: 45658 | B23: 16.0025 | C23: 68247.95 | D23: =LN(C23/C22) -> 0.00381103 | E23: =LN(B23/B22) -> 0.0038003696
A24: 45659 | B24: 16.2028 | C24: 69103.6 | D24: =LN(C24/C23) -> 0.012459431 | E24: =LN(B24/B23) -> 0.012439107
A25: 45660 | B25: 16.2235 | C25: 69192.45 | D25: =LN(C25/C24) -> 0.0012849248 | E25: =LN(B25/B24) -> 0.0012767416
... A248: 45989 | B248: 16.2932 | C248: 69137.45 | D248: =LN(C248/C247) -> 0.00097896464 | E248: =LN(B248/B247) -> 0.0009702002

Sheet DASHBOARD

Sheet KPI
B2: Fund Name | C2: Average Return | D2: BETA | E2: Annualised Return | F2: Standard Deviation | G2: Sharpe Ratio | H2: Treynor Ratio | I2: Jensen's alpha | J2: Risk-Adjusted Rank
B3: SBI Balanced Advantage Fund | C3: ='SBI Balanced Advantage Fund '!Q2 -> 0.02806662 | D3: ='SBI Balanced Advantage Fund '!F3 -> 0.47444578 | E3: ='SBI Balanced Advantage Fund '!N2 -> 0.092190129 | F3: ='SBI Balanced Advantage Fund '!N3 -> 0.038988834 | G3: ='SBI Balanced Advantage Fund '!N4 -> -0.81903912 | H3: ='SBI Balanced Advantage Fund '!N5 -> -0.0673067 | I3: ='SBI Balanced Advantage Fund '!N6 -> 0.00077936705 | J3: 1 (BEST)
B4: Tata Arbitrage Fund | C4: ='Tata Arbitrage Fund'!Q2 -> 0.040336686 | D4: ='Tata Arbitrage Fund'!F3 -> 0.10612093 | E4: ='Tata Arbitrage Fund'!N2 -> 0.071706592 | F4: ='Tata Arbitrage Fund'!N3 -> 0.02140268 | G4: ='Tata Arbitrage Fund'!N4 -> -0.91873138 | H4: ='Tata Arbitrage Fund'!N5 -> -0.18529157 | I4: ='Tata Arbitrage Fund'!N6 -> -0.018084852 | J4: 2
B5: Canara Robeco Large Cap Fund | C5: ='Canara Robeco Large CAP Fund'!Q2 -> 0.0062774862 | D5: ='Canara Robeco Large CAP Fund'!F3 -> 0.82001956 | E5: ='Canara Robeco Large CAP Fund'!N2 -> 0.075613562 | F5: ='Canara Robeco Large CAP Fund'!N3 -> 0.048761497 | G5: ='Canara Robeco Large CAP Fund'!N4 -> -1.1017405 | H5: ='Canara Robeco Large CAP Fund'!N5 -> -0.065513698 | I5: ='Canara Robeco Large CAP Fund'!N6 -> 0.00011493099 | J5: 3
B6: Edelweiss Liquid fund | C6: ='Edelweiss liquid fund'!Q2 -> 0.037259367 | D6: ='Edelweiss liquid fund'!F3 -> -0.0067060663 | E6: ='Edelweiss liquid fund'!N2 -> 0.066520125 | F6: ='Edelweiss liquid fund'!N3 -> 0.020074324 | G6: ='Edelweiss liquid fund'!N4 -> -1.1328218 | H6: ='Edelweiss liquid fund'!N5 -> 3.391054 | I6: ='Edelweiss liquid fund'!N6 -> -0.023335134 | J6: 4
B7: HDFC NIFTY Next 50 Index Fund | C7: ='HDFC NIFTY Next 50 Index Fund'!Q2 -> -0.072839816 | D7: ='HDFC NIFTY Next 50 Index Fund'!F3 -> 0.83109156 | E7: ='HDFC NIFTY Next 50 Index Fund'!N2 -> -0.025100672 | F7: ='HDFC NIFTY Next 50 Index Fund'!N3 -> 0.051424236 | G7: ='HDFC NIFTY Next 50 Index Fund'!N4 -> -2.5832142 | H7: ='HDFC NIFTY Next 50 Index Fund'!N5 -> -0.15983776 | I7: ='HDFC NIFTY Next 50 Index Fund'!N6 -> -0.02348365 | J7: 5 (WORST)
